1;551;Final;20/12/2024;2;86294
2;401;Final;20/12/2021;7;32175
3;561;Final;20/12/2023;8;61345
4;309;Final;20/12/2020;2;19823
5;243;Final;20/12/2021;5;21876
6;560;Final;20/12/2020;4;86294
7;309;Final;20/6/2024;4;83113
8;304;Final;20/6/2024;3;51148
9;276;Final;20/12/2023;2;2777
10;310;Final;20/12/2023;8;33339
11;245;Final;20/6/2021;5;2777
12;553;Final;20/6/2024;2;74833
13;249;Final;20/6/2023;6;83113
14;1654;Final;20/6/2023;7;24895
15;246;Final;20/12/2024;2;75154
16;1352;Final;20/6/2024;2;65213
17;552;Final;20/12/2020;4;53270
18;740;Final;20/12/2020;7;49210
19;251;Final;20/6/2020;5;43548
20;558;Final;20/12/2021;2;34648
21;1604;Final;20/6/2022;4;74451
22;273;Final;20/6/2023;3;27128
23;1360;Final;20/12/2023;7;27128
24;701;Final;20/12/2024;4;84323
25;1374;Final;20/6/2022;4;6061
26;243;Final;20/12/2022;8;83113
27;353;Final;20/12/2024;4;17914
28;404;Final;20/12/2022;8;9109
29;305;Final;20/6/2024;2;74508
30;402;Final;20/12/2022;2;21876
31;554;Final;20/12/2022;3;6061
32;274;Final;20/6/2021;6;49210
33;1360;Final;20/6/2021;6;33339
34;277;Final;20/6/2021;6;82405
35;1660;Final;20/6/2024;8;21876
36;276;Final;20/6/2022;7;53270
37;655;Final;20/12/2024;7;48044
38;1659;Final;20/12/2024;3;94792
39;1604;Final;20/12/2023;7;75154
40;1330;Final;20/6/2021;6;48044
41;290;Final;20/6/2024;6;2777
42;351;Final;20/12/2023;4;53270
43;289;Final;20/12/2021;7;94792
44;307;Final;20/12/2023;2;19823
45;1652;Final;20/6/2022;2;92733
46;306;Final;20/6/2023;4;17914
47;301;Final;20/12/2022;4;15951
48;561;Final;20/6/2021;4;61345
49;251;Final;20/6/2023;2;51148
50;284;Final;20/12/2023;6;24759
51;277;Final;20/6/2024;4;24759
52;274;Final;20/12/2022;3;19823
53;1359;Final;20/12/2024;8;44451
54;1275;Final;20/12/2020;4;74833
55;276;Final;20/12/2022;8;48044
56;558;Final;20/6/2022;5;47923
57;651;Final;20/6/2022;4;34648
58;402;Final;20/12/2023;2;16198
59;1604;Final;20/12/2021;7;88020
60;457;Final;20/6/2022;4;43360
61;562;Final;20/6/2022;7;10341
62;273;Final;20/6/2024;5;17914
63;304;Final;20/12/2023;3;10341
64;241;Final;20/12/2022;7;24895
65;724;Final;20/12/2021;8;65213
66;1721;Final;20/6/2023;6;10341
67;555;Final;20/12/2020;4;16198
68;559;Final;20/6/2021;5;19823
69;244;Final;20/12/2024;5;6061
70;290;Final;20/6/2022;7;74833
71;309;Final;20/12/2023;3;32400
72;1604;Final;20/6/2021;2;84323
73;452;Final;20/12/2024;4;32437
74;284;Final;20/12/2024;5;31078
75;555;Final;20/6/2023;3;43548
76;305;Final;20/6/2023;6;74451
77;289;Final;20/6/2023;5;74833
78;283;Final;20/6/2020;3;24895
79;1603;Final;20/6/2020;2;47923
80;262;Final;20/12/2024;2;32175
81;353;Final;20/6/2023;5;27128
82;301;Final;20/6/2024;8;15951
83;457;Final;20/6/2022;5;83113
84;249;Final;20/6/2021;7;49210
85;354;Final;20/6/2021;4;74508
86;356;Final;20/6/2020;3;84323
87;1330;Final;20/12/2024;5;75154
88;246;Final;20/12/2023;4;24597
89;307;Final;20/12/2022;7;10341
90;551;Final;20/12/2022;4;64663
91;1603;Final;20/6/2020;5;17914
92;452;Final;20/12/2023;2;23212
93;262;Final;20/6/2020;3;44451
94;724;Final;20/12/2022;3;21876
95;554;Final;20/12/2023;2;65213
96;277;Final;20/6/2023;8;44451
97;303;Final;20/12/2024;5;23212
98;404;Final;20/6/2021;3;51148
99;355;Final;20/6/2024;5;10341
100;1359;Final;20/12/2021;7;6061
101;309;Final;20/12/2024;5;6061
102;651;Final;20/6/2023;4;92733
103;701;Final;20/12/2022;2;86294
104;262;Final;20/6/2023;8;6063
105;310;Final;20/6/2020;5;88020
106;1721;Final;20/12/2023;8;24506
107;306;Final;20/6/2021;8;6061
108;1652;Final;20/6/2022;7;74451
109;1352;Final;20/6/2020;6;15951
110;1659;Final;20/12/2024;2;65213
111;243;Final;20/6/2020;8;19823
112;657;Final;20/12/2024;3;16198
113;303;Final;20/6/2022;4;65213
114;273;Final;20/12/2020;3;2777
115;402;Final;20/6/2021;7;65213
116;1359;Final;20/6/2024;7;33339
117;1601;Final;20/6/2024;3;43979
118;721;Final;20/12/2021;2;43979
119;355;Final;20/6/2023;3;88020
120;555;Final;20/12/2020;5;32437
121;273;Final;20/6/2024;3;31078
122;303;Final;20/6/2020;4;92733
123;1604;Final;20/6/2023;4;43548
124;262;Final;20/12/2020;6;64663
125;452;Final;20/12/2023;4;15951
126;283;Final;20/12/2023;3;24597
127;553;Final;20/6/2023;4;64663
128;278;Final;20/12/2024;2;6061
129;651;Final;20/12/2024;8;94792
130;362;Final;20/6/2020;4;34648
131;404;Final;20/12/2020;5;24759
132;249;Final;20/12/2020;2;64663
133;556;Final;20/6/2023;6;24506
134;274;Final;20/12/2022;5;6061
135;1660;Final;20/12/2023;3;47923
136;262;Final;20/12/2020;8;23212
137;351;Final;20/6/2023;3;32400
138;283;Final;20/6/2022;8;43132
139;551;Final;20/12/2021;8;24506
140;355;Final;20/6/2022;3;49210
141;655;Final;20/6/2021;5;34648
142;560;Final;20/6/2020;5;24895
143;560;Final;20/12/2020;8;82405
144;248;Final;20/6/2021;5;6063
145;242;Final;20/6/2024;8;23212
146;1374;Final;20/6/2021;8;88020
147;655;Final;20/6/2023;2;15951
148;286;Final;20/12/2020;7;9109
149;1275;Final;20/12/2021;2;19823
150;554;Final;20/6/2023;3;24895
151;1652;Final;20/6/2023;7;15951
152;404;Final;20/6/2020;4;88020
153;252;Final;20/6/2020;3;48044
154;277;Final;20/12/2023;6;64663
155;251;Final;20/12/2023;2;34648
156;556;Final;20/12/2024;5;88020
157;1654;Final;20/12/2022;2;24597
158;1360;Final;20/12/2020;5;86294
159;305;Final;20/12/2020;7;10341
160;561;Final;20/6/2021;6;15951
161;1652;Final;20/12/2020;7;10341
162;304;Final;20/12/2020;6;61345
163;559;Final;20/12/2022;2;43360
164;740;Final;20/6/2024;5;49210
165;274;Final;20/12/2023;7;31078
166;273;Final;20/12/2023;6;92733
167;553;Final;20/12/2021;8;6063
168;249;Final;20/12/2020;3;88020
169;560;Final;20/12/2022;3;43979
170;277;Final;20/12/2023;7;94792
171;362;Final;20/12/2022;5;53270
172;701;Final;20/6/2022;8;43132
173;557;Final;20/6/2024;7;74508
174;248;Final;20/12/2020;2;24597
175;1601;Final;20/12/2021;6;27128
176;1721;Final;20/6/2021;2;23212
177;1604;Final;20/12/2023;3;83113
178;651;Final;20/6/2022;6;32175
179;353;Final;20/12/2022;7;83113
180;285;Final;20/6/2020;2;61345
181;353;Final;20/6/2023;4;32400
182;1603;Final;20/12/2020;5;33339
183;1604;Final;20/12/2020;8;92733
184;284;Final;20/6/2022;8;32175
185;303;Final;20/12/2022;5;28444
186;310;Final;20/12/2024;4;2777
187;1660;Final;20/12/2020;3;28444
188;306;Final;20/12/2024;6;94792
189;305;Final;20/6/2020;5;32175
190;1659;Final;20/6/2022;4;24759
191;452;Final;20/12/2022;7;23212
192;304;Final;20/12/2022;8;82405
193;403;Final;20/6/2024;4;19823
194;1659;Final;20/6/2023;3;49210
195;244;Final;20/12/2023;3;75154
196;286;Final;20/12/2023;2;9109
197;721;Final;20/6/2021;5;43548
198;402;Final;20/12/2021;2;24759
199;244;Final;20/6/2022;8;83113
200;306;Final;20/6/2020;4;49210
201;353;Final;20/12/2022;6;82405
202;1601;Final;20/6/2023;6;84323
203;559;Final;20/12/2024;3;43979
204;1374;Final;20/6/2022;6;24506
205;558;Final;20/6/2021;6;75154
206;701;Final;20/6/2022;8;48044
207;276;Final;20/6/2021;6;23793
208;286;Final;20/12/2022;4;49210
209;241;Final;20/12/2021;6;43548
210;724;Final;20/6/2021;7;9109
211;1721;Final;20/12/2022;6;32437
212;452;Final;20/12/2022;6;32437
213;246;Final;20/12/2021;2;46254
214;1374;Final;20/12/2023;4;75154
215;309;Final;20/6/2022;3;10341
216;1330;Final;20/12/2020;2;43132
217;301;Final;20/12/2020;5;9109
218;553;Final;20/12/2024;4;33339
219;252;Final;20/12/2024;7;32437
220;246;Final;20/12/2020;4;2777
221;401;Final;20/6/2020;5;74508
222;248;Final;20/12/2020;5;23793
223;1352;Final;20/12/2024;5;9109
224;557;Final;20/6/2023;8;44451
225;289;Final;20/12/2024;3;32400
226;651;Final;20/6/2020;6;27128
227;262;Final;20/6/2022;4;23793
228;277;Final;20/12/2020;8;19823
229;1652;Final;20/12/2021;6;82405
230;1359;Final;20/6/2023;6;19823
231;288;Final;20/12/2022;7;48044
232;1653;Final;20/6/2020;5;43360
233;261;Final;20/12/2024;3;51148
234;553;Final;20/12/2021;7;92733
235;1653;Final;20/6/2021;2;31078
236;1603;Final;20/12/2023;8;61345
237;554;Final;20/12/2020;8;64663
238;248;Final;20/12/2023;3;88020
239;658;Final;20/6/2020;6;16198
240;304;Final;20/6/2021;8;24759
241;457;Final;20/6/2021;3;24895
242;1360;Final;20/6/2021;8;74508
243;1653;Final;20/12/2022;8;21876
244;556;Final;20/6/2020;5;32437
245;554;Final;20/6/2022;2;61345
246;285;Final;20/12/2023;5;53270
247;249;Final;20/6/2022;2;74833
248;701;Final;20/12/2021;8;24506
249;279;Final;20/6/2024;7;53270
250;1653;Final;20/6/2023;6;17914
251;655;Final;20/6/2023;8;65213
252;301;Final;20/6/2022;2;21876
253;701;Final;20/6/2024;2;44451
254;305;Final;20/6/2024;2;27128
255;1659;Final;20/12/2020;8;51148
256;551;Final;20/12/2021;3;74451
257;457;Final;20/6/2020;7;2777
258;286;Final;20/6/2024;3;24895
259;655;Final;20/12/2024;6;43979
260;457;Final;20/6/2023;8;75154
261;261;Final;20/12/2024;2;28444
262;556;Final;20/12/2021;7;24895
263;251;Final;20/6/2024;7;53270
264;303;Final;20/12/2023;4;15951
265;251;Final;20/6/2023;6;23793
266;354;Final;20/12/2020;7;24895
267;1603;Final;20/12/2020;8;27128
268;1601;Final;20/6/2021;2;83113
269;241;Final;20/12/2022;2;15951
270;651;Final;20/6/2024;7;83113
271;303;Final;20/12/2021;3;47923
272;353;Final;20/6/2023;6;32175
273;724;Final;20/12/2022;2;75154
274;724;Final;20/12/2021;7;32400
275;553;Final;20/6/2022;2;39244
276;252;Final;20/6/2024;7;32175
277;553;Final;20/6/2020;6;46254
278;274;Final;20/6/2020;7;83113
279;1601;Final;20/6/2024;4;34648
280;561;Final;20/6/2021;7;10341
281;248;Final;20/6/2021;7;21876
282;309;Final;20/6/2020;8;43360
283;1603;Final;20/12/2023;6;44451
284;1721;Final;20/6/2023;8;9109
285;404;Final;20/6/2020;7;65213
286;1604;Final;20/12/2023;6;32437
287;1721;Final;20/12/2022;4;43979
288;1653;Final;20/12/2023;6;74508
289;1604;Final;20/12/2022;2;31078
290;1359;Final;20/12/2021;8;44451
291;1330;Final;20/12/2024;6;23212
292;302;Final;20/12/2021;4;6061
293;558;Final;20/6/2020;5;33339
294;560;Final;20/12/2022;7;23793
295;274;Final;20/6/2020;6;28444
296;278;Final;20/6/2024;7;53270
297;1330;Final;20/6/2023;3;46254
298;303;Final;20/12/2020;2;15951
299;402;Final;20/6/2020;8;75154
300;651;Final;20/6/2023;2;15951
301;1359;Final;20/12/2023;3;6063
302;353;Final;20/12/2021;3;24759
303;284;Final;20/12/2023;8;33339
304;655;Final;20/12/2020;6;74833
305;457;Final;20/12/2022;3;75154
306;242;Final;20/6/2024;5;24506
307;555;Final;20/6/2023;7;75154
308;403;Final;20/6/2024;7;23793
309;275;Final;20/12/2024;4;74833
310;558;Final;20/6/2020;3;75154
311;1659;Final;20/12/2022;3;86294
312;351;Final;20/12/2024;5;43548
313;354;Final;20/6/2022;2;84323
314;250;Final;20/6/2020;2;23212
315;262;Final;20/12/2023;7;65213
316;1330;Final;20/12/2021;7;21876
317;1659;Final;20/6/2023;6;27128
318;273;Final;20/12/2020;8;33339
319;457;Final;20/12/2020;5;88020
320;402;Final;20/12/2023;8;31078
321;243;Final;20/6/2021;8;51148
322;1359;Final;20/12/2020;4;16198
323;562;Final;20/6/2023;8;24895
324;401;Final;20/12/2023;4;92733
325;242;Final;20/12/2022;8;2777
326;452;Final;20/12/2020;5;43548
327;243;Final;20/6/2024;4;15951
328;1275;Final;20/12/2023;2;24506
329;651;Final;20/6/2023;4;83113
330;242;Final;20/6/2024;4;83113
331;362;Final;20/6/2020;5;34648
332;655;Final;20/6/2020;5;43548
333;252;Final;20/12/2020;4;83113
334;277;Final;20/6/2024;3;61345
335;557;Final;20/12/2021;5;64663
336;286;Final;20/6/2020;6;65213
337;1601;Final;20/12/2021;6;84323
338;356;Final;20/12/2022;2;43360
339;1360;Final;20/12/2023;8;84323
340;554;Final;20/12/2024;4;39244
341;1653;Final;20/6/2023;3;74508
342;309;Final;20/12/2023;2;48044
343;307;Final;20/6/2023;4;23793
344;308;Final;20/6/2024;5;2777
345;452;Final;20/12/2022;6;92733
346;402;Final;20/6/2022;7;74508
347;305;Final;20/12/2020;3;83113
348;285;Final;20/6/2023;7;44451
349;302;Final;20/6/2023;6;84323
350;278;Final;20/6/2024;8;33339
351;1601;Final;20/12/2021;8;21876
352;273;Final;20/12/2023;7;32437
353;283;Final;20/6/2022;5;88020
354;404;Final;20/6/2021;4;92733
355;552;Final;20/12/2020;5;43132
356;500;Final;20/12/2024;7;65213
357;559;Final;20/6/2021;5;39244
358;559;Final;20/12/2023;6;43132
359;402;Final;20/12/2020;3;53270
360;740;Final;20/6/2023;5;51148
361;356;Final;20/12/2024;6;16198
362;655;Final;20/12/2021;3;43979
363;555;Final;20/6/2022;8;2777
364;307;Final;20/12/2021;4;2777
365;351;Final;20/12/2022;7;24895
366;1652;Final;20/6/2024;8;24895
367;500;Final;20/12/2020;4;2777
368;289;Final;20/12/2021;8;32175
369;274;Final;20/6/2021;2;6061
370;308;Final;20/6/2024;8;23793
371;457;Final;20/12/2021;6;24895
372;276;Final;20/6/2020;3;15951
373;288;Final;20/12/2022;8;2777
374;402;Final;20/12/2023;5;82405
375;279;Final;20/6/2022;4;34648
376;247;Final;20/12/2022;8;43132
377;560;Final;20/6/2024;3;23212
378;279;Final;20/6/2020;6;2777
379;288;Final;20/12/2020;2;47923
380;557;Final;20/6/2021;4;33339
381;557;Final;20/6/2022;7;88020
382;1604;Final;20/6/2022;3;15951
383;304;Final;20/12/2022;7;31078
384;303;Final;20/6/2024;3;75154
385;403;Final;20/12/2020;3;39244
386;275;Final;20/6/2023;6;94792
387;552;Final;20/6/2020;6;19823
388;302;Final;20/6/2023;6;74833
389;277;Final;20/6/2021;8;44451
390;658;Final;20/12/2020;5;46254
391;251;Final;20/12/2020;3;47923
392;1653;Final;20/6/2020;4;43979
393;452;Final;20/12/2024;7;47923
394;556;Final;20/6/2023;6;32400
395;561;Final;20/12/2021;8;33339
396;248;Final;20/6/2022;6;24597
397;276;Final;20/12/2024;7;43132
398;1652;Final;20/12/2021;7;65213
399;288;Final;20/6/2024;3;39244
400;353;Final;20/6/2020;6;44451
401;557;Final;20/6/2024;7;33339
402;405;Final;20/6/2022;5;23793
403;244;Final;20/12/2023;5;61345
404;1654;Final;20/12/2021;6;2777
405;561;Final;20/12/2024;8;46254
406;404;Final;20/12/2021;7;64663
407;701;Final;20/12/2021;3;83113
408;551;Final;20/6/2020;3;17914
409;559;Final;20/6/2024;8;83113
410;351;Final;20/6/2023;3;51148
411;1601;Final;20/12/2023;2;6063
412;244;Final;20/6/2020;6;53270
413;310;Final;20/6/2021;3;74833
414;401;Final;20/6/2020;5;51148
415;1603;Final;20/6/2022;7;43979
416;556;Final;20/12/2023;4;86294
417;1659;Final;20/12/2020;8;48044
418;1654;Final;20/6/2021;4;43979
419;246;Final;20/12/2022;3;33339
420;551;Final;20/6/2020;4;86294
421;284;Final;20/12/2021;4;27128
422;404;Final;20/6/2023;2;6063
423;657;Final;20/12/2020;5;39244
424;279;Final;20/6/2020;8;9109
425;657;Final;20/6/2020;5;84323
426;277;Final;20/12/2024;2;34648
427;1721;Final;20/12/2024;2;31078
428;246;Final;20/12/2020;4;43548
429;560;Final;20/6/2024;6;15951
430;302;Final;20/12/2024;7;61345
431;273;Final;20/12/2021;7;31078
432;403;Final;20/6/2021;4;33339
433;354;Final;20/12/2022;7;84323
434;551;Final;20/12/2023;2;16198
435;1604;Final;20/12/2022;5;74451
436;301;Final;20/12/2022;7;53270
437;306;Final;20/12/2023;8;33339
438;560;Final;20/12/2024;4;61345
439;561;Final;20/12/2020;6;24895
440;279;Final;20/12/2023;4;43360
441;1653;Final;20/6/2022;3;53270
442;261;Final;20/6/2024;4;74508
443;276;Final;20/6/2021;2;43360
444;1374;Final;20/6/2023;5;49210
445;283;Final;20/12/2024;5;43548
446;1721;Final;20/6/2024;8;2777
447;1659;Final;20/12/2023;7;43548
448;243;Final;20/6/2022;2;53270
449;657;Final;20/6/2023;3;74508
450;500;Final;20/6/2021;2;32400
451;1659;Final;20/6/2021;4;16198
452;1360;Final;20/12/2024;2;94792
453;1603;Final;20/12/2023;2;43548
454;305;Final;20/6/2024;8;34648
455;740;Final;20/12/2020;3;43360
456;251;Final;20/6/2024;4;74508
457;560;Final;20/6/2024;6;88020
458;241;Final;20/6/2021;8;39244
459;555;Final;20/12/2020;6;15951
460;308;Final;20/12/2020;8;43360
461;261;Final;20/12/2024;5;53270
462;251;Final;20/6/2023;8;33339
463;1659;Final;20/6/2020;7;43979
464;301;Final;20/12/2022;2;43132
465;1330;Final;20/12/2022;5;43979
466;1374;Final;20/6/2021;3;32175
467;308;Final;20/6/2020;6;51148
468;303;Final;20/6/2023;8;44451
469;279;Final;20/6/2020;2;24895
470;1360;Final;20/12/2024;3;23212
471;248;Final;20/6/2024;7;24597
472;402;Final;20/6/2021;3;94792
473;245;Final;20/12/2020;2;24759
474;301;Final;20/6/2021;7;6061
475;278;Final;20/12/2022;3;15951
476;303;Final;20/6/2023;7;31078
477;556;Final;20/6/2020;8;32400
478;251;Final;20/6/2023;8;24597
479;285;Final;20/12/2024;2;82405
480;1601;Final;20/6/2021;2;10341
481;1604;Final;20/12/2023;7;39244
482;252;Final;20/6/2021;4;32400
483;305;Final;20/12/2020;5;33339
484;251;Final;20/6/2021;3;32400
485;245;Final;20/6/2022;3;65213
486;362;Final;20/12/2024;4;10341
487;288;Final;20/12/2021;4;17914
488;304;Final;20/12/2024;4;74508
489;655;Final;20/6/2020;6;82405
490;1603;Final;20/12/2021;6;84323
491;252;Final;20/6/2020;7;28444
492;562;Final;20/6/2020;6;28444
493;301;Final;20/12/2020;8;46254
494;303;Final;20/12/2020;8;82405
495;310;Final;20/6/2024;2;15951
496;1652;Final;20/12/2022;7;75154
497;1660;Final;20/6/2024;3;6063
498;562;Final;20/6/2024;5;49210
499;286;Final;20/12/2022;2;23793
500;351;Final;20/12/2023;3;10341
501;274;Final;20/12/2021;3;94792
502;554;Final;20/6/2023;7;33339
503;701;Final;20/6/2024;4;24759
504;307;Final;20/6/2021;4;24597
505;284;Final;20/6/2021;2;51148
506;401;Final;20/6/2020;4;32437
507;351;Final;20/12/2022;3;9109
508;556;Final;20/6/2020;4;44451
509;362;Final;20/6/2022;6;21876
510;1659;Final;20/6/2022;4;32400
511;283;Final;20/6/2023;3;6061
512;355;Final;20/12/2020;7;86294
513;1330;Final;20/12/2020;2;84323
514;1659;Final;20/12/2022;5;64663
515;1604;Final;20/12/2022;4;94792
516;244;Final;20/6/2024;8;23793
517;247;Final;20/6/2022;8;74451
518;277;Final;20/6/2024;3;23793
519;1652;Final;20/12/2020;5;24506
520;273;Final;20/12/2021;5;64663
521;724;Final;20/12/2021;6;24759
522;1601;Final;20/12/2022;5;32400
523;362;Final;20/6/2020;8;19823
524;362;Final;20/12/2020;7;6063
525;724;Final;20/12/2021;3;2777
526;303;Final;20/12/2020;3;23212
527;555;Final;20/12/2024;4;39244
528;452;Final;20/6/2021;4;23212
529;559;Final;20/6/2022;4;43132
530;551;Final;20/6/2024;8;2777
531;561;Final;20/12/2020;8;49210
532;261;Final;20/6/2021;8;27128
533;1604;Final;20/12/2024;8;65213
534;553;Final;20/6/2024;8;28444
535;405;Final;20/12/2020;8;24597
536;357;Final;20/12/2022;7;53270
537;306;Final;20/6/2021;8;24597
538;1374;Final;20/6/2024;5;74833
539;658;Final;20/12/2020;5;46254
540;559;Final;20/6/2021;6;88020
541;285;Final;20/12/2024;7;17914
542;250;Final;20/12/2020;4;33339
543;657;Final;20/12/2020;2;6063
544;556;Final;20/12/2020;8;53270
545;305;Final;20/6/2023;6;23793
546;357;Final;20/12/2022;2;23212
547;353;Final;20/12/2024;5;83113
548;558;Final;20/6/2024;6;94792
549;655;Final;20/6/2023;6;43979
550;308;Final;20/6/2020;3;9109
551;277;Final;20/6/2023;5;84323
552;288;Final;20/6/2022;5;15951
553;404;Final;20/6/2022;7;86294
554;289;Final;20/12/2020;6;46254
555;1604;Final;20/6/2023;8;28444
556;277;Final;20/6/2020;5;43548
557;303;Final;20/6/2023;6;92733
558;248;Final;20/12/2022;7;43548
559;310;Final;20/12/2022;8;75154
560;721;Final;20/6/2020;7;74508
561;404;Final;20/6/2023;3;31078
562;247;Final;20/6/2021;8;51148
563;559;Final;20/12/2022;6;10341
564;557;Final;20/12/2022;5;82405
565;278;Final;20/12/2021;5;53270
566;309;Final;20/6/2023;6;88020
567;279;Final;20/12/2022;6;84323
568;241;Final;20/12/2024;6;27128
569;284;Final;20/6/2023;4;61345
570;279;Final;20/6/2022;8;43548
571;261;Final;20/12/2021;5;48044
572;248;Final;20/12/2022;8;74451
573;245;Final;20/12/2021;7;19823
574;552;Final;20/6/2022;5;6061
575;273;Final;20/6/2020;4;43548
576;241;Final;20/6/2020;6;61345
577;278;Final;20/6/2023;3;53270
578;277;Final;20/6/2022;6;74508
579;558;Final;20/12/2023;6;75154
580;555;Final;20/12/2023;4;39244
581;307;Final;20/6/2023;8;32437
582;249;Final;20/12/2020;5;15951
583;276;Final;20/12/2021;6;83113
584;1603;Final;20/12/2021;5;74508
585;355;Final;20/6/2020;2;43548
586;244;Final;20/12/2023;7;94792
587;404;Final;20/6/2024;8;17914
588;351;Final;20/12/2022;5;33339
589;724;Final;20/12/2022;3;23793
590;243;Final;20/12/2022;7;19823
591;262;Final;20/6/2020;3;47923
592;552;Final;20/6/2022;6;24759
593;354;Final;20/6/2021;7;43360
594;1601;Final;20/12/2023;5;74451
595;276;Final;20/12/2023;7;53270
596;1601;Final;20/6/2024;6;43979
597;553;Final;20/12/2021;4;31078
598;1352;Final;20/12/2020;8;15951
599;1275;Final;20/6/2023;3;2777
600;558;Final;20/12/2021;6;43979
601;651;Final;20/6/2022;4;49210
602;301;Final;20/6/2023;7;53270
603;276;Final;20/12/2023;7;17914
604;1275;Final;20/6/2022;6;21876
605;552;Final;20/6/2023;5;31078
606;558;Final;20/6/2024;7;86294
607;558;Final;20/6/2024;5;65213
608;261;Final;20/12/2024;5;43360
609;288;Final;20/6/2021;8;83113
610;405;Final;20/6/2024;5;9109
611;276;Final;20/12/2023;2;86294
612;457;Final;20/12/2020;8;48044
613;559;Final;20/12/2022;4;27128
614;248;Final;20/12/2024;4;65213
615;1721;Final;20/12/2022;7;44451
616;355;Final;20/6/2021;7;43132
617;286;Final;20/6/2023;5;23212
618;401;Final;20/6/2020;8;6061
619;283;Final;20/6/2024;8;32437
620;457;Final;20/12/2020;2;46254
621;557;Final;20/6/2021;5;44451
622;301;Final;20/12/2022;2;32175
623;404;Final;20/12/2024;5;92733
624;283;Final;20/6/2024;3;19823
625;261;Final;20/12/2023;3;32400
626;305;Final;20/6/2024;6;33339
627;303;Final;20/12/2024;5;16198
628;283;Final;20/12/2024;8;49210
629;303;Final;20/6/2020;7;32437
630;289;Final;20/6/2024;4;10341
631;309;Final;20/6/2024;6;84323
632;1374;Final;20/6/2020;7;9109
633;405;Final;20/6/2022;3;33339
634;362;Final;20/6/2022;5;39244
635;286;Final;20/6/2023;6;19823
636;307;Final;20/6/2022;5;47923
637;500;Final;20/12/2021;3;16198
638;554;Final;20/6/2024;6;47923
639;275;Final;20/12/2020;3;74508
640;250;Final;20/6/2024;2;48044
641;724;Final;20/12/2021;3;19823
642;285;Final;20/12/2021;8;88020
643;1660;Final;20/12/2022;8;2777
644;304;Final;20/6/2024;5;51148
645;500;Final;20/6/2021;4;86294
646;262;Final;20/12/2021;3;94792
647;1654;Final;20/12/2020;7;34648
648;402;Final;20/6/2020;8;74833
649;283;Final;20/6/2023;4;74451
650;308;Final;20/12/2022;2;64663
651;356;Final;20/6/2020;6;51148
652;306;Final;20/12/2022;6;17914
653;404;Final;20/12/2020;8;84323
654;555;Final;20/12/2024;4;44451
655;244;Final;20/6/2024;8;28444
656;354;Final;20/12/2023;6;44451
657;551;Final;20/6/2021;3;32175
658;1721;Final;20/6/2020;4;9109
659;248;Final;20/6/2024;5;75154
660;1330;Final;20/6/2021;3;84323
661;252;Final;20/12/2024;3;27128
662;405;Final;20/12/2023;3;44451
663;355;Final;20/6/2021;5;24597
664;276;Final;20/6/2021;2;24597
665;1330;Final;20/6/2020;7;17914
666;351;Final;20/6/2022;8;31078
667;353;Final;20/12/2023;6;2777
668;1653;Final;20/6/2024;8;15951
669;356;Final;20/12/2024;4;74833
670;289;Final;20/12/2023;2;27128
671;310;Final;20/12/2020;4;74833
672;302;Final;20/6/2022;8;82405
673;1374;Final;20/12/2020;6;82405
674;452;Final;20/12/2024;5;43979
675;362;Final;20/6/2020;8;47923
676;1721;Final;20/6/2020;3;82405
677;701;Final;20/12/2024;8;74833
678;1654;Final;20/12/2022;3;74451
679;248;Final;20/12/2024;5;32437
680;655;Final;20/6/2022;8;82405
681;246;Final;20/12/2021;2;9109
682;561;Final;20/6/2020;2;75154
683;740;Final;20/6/2023;4;23793
684;556;Final;20/6/2022;5;51148
685;403;Final;20/6/2022;2;43360
686;402;Final;20/6/2022;8;31078
687;251;Final;20/6/2021;5;39244
688;557;Final;20/6/2022;6;32175
689;303;Final;20/6/2020;3;32175
690;249;Final;20/12/2021;8;6061
691;401;Final;20/12/2021;3;61345
692;276;Final;20/6/2022;3;23793
693;740;Final;20/12/2020;5;16198
694;560;Final;20/6/2020;5;43360
695;1330;Final;20/6/2020;4;82405
696;284;Final;20/12/2023;3;88020
697;1659;Final;20/6/2024;4;27128
698;261;Final;20/12/2022;3;49210
699;1352;Final;20/12/2022;4;43360
700;1653;Final;20/12/2020;4;15951
701;562;Final;20/12/2022;6;19823
702;288;Final;20/12/2023;4;49210
703;353;Final;20/12/2024;5;24597
704;1659;Final;20/12/2022;4;53270
705;279;Final;20/6/2020;3;48044
706;301;Final;20/12/2024;4;27128
707;290;Final;20/12/2022;2;32437
708;1721;Final;20/6/2020;7;47923
709;403;Final;20/6/2020;3;6063
710;274;Final;20/6/2022;2;17914
711;552;Final;20/12/2021;3;64663
712;286;Final;20/12/2020;5;27128
713;250;Final;20/12/2023;7;53270
714;1604;Final;20/6/2021;7;6061
715;307;Final;20/6/2024;5;49210
716;1360;Final;20/12/2022;7;46254
717;305;Final;20/12/2022;5;43132
718;261;Final;20/12/2024;2;92733
719;274;Final;20/12/2024;6;84323
720;308;Final;20/6/2024;3;64663
721;251;Final;20/12/2022;5;74508
722;301;Final;20/6/2023;3;74833
723;560;Final;20/12/2023;2;61345
724;1604;Final;20/12/2022;6;24895
725;309;Final;20/12/2021;2;17914
726;273;Final;20/6/2024;7;74508
727;305;Final;20/6/2023;3;6063
728;1359;Final;20/12/2023;8;10341
729;1352;Final;20/12/2022;6;43132
730;1352;Final;20/6/2021;7;23212
731;252;Final;20/6/2022;6;43360
732;279;Final;20/12/2021;7;6061
733;657;Final;20/6/2021;2;43979
734;301;Final;20/12/2024;5;17914
735;1652;Final;20/12/2024;3;23212
736;402;Final;20/12/2022;4;53270
737;655;Final;20/12/2024;4;28444
738;1604;Final;20/12/2021;2;28444
739;302;Final;20/12/2023;3;46254
740;355;Final;20/6/2020;3;74508
741;721;Final;20/12/2020;2;51148
742;261;Final;20/6/2024;3;64663
743;1330;Final;20/12/2023;5;39244
744;261;Final;20/6/2020;2;32400
745;405;Final;20/6/2023;5;28444
746;242;Final;20/12/2021;3;94792
747;1275;Final;20/6/2021;2;6063
748;249;Final;20/6/2020;3;32400
749;273;Final;20/12/2021;2;24895
750;452;Final;20/6/2022;3;74451
751;351;Final;20/6/2021;5;92733
752;285;Final;20/12/2024;8;92733
753;288;Final;20/12/2024;5;92733
754;1374;Final;20/6/2021;3;43360
755;1721;Final;20/6/2023;2;49210
756;1601;Final;20/6/2023;4;48044
757;276;Final;20/6/2023;5;21876
758;249;Final;20/6/2020;5;34648
759;701;Final;20/6/2024;7;15951
760;248;Final;20/6/2020;4;19823
761;247;Final;20/12/2022;3;16198
762;278;Final;20/12/2020;8;34648
763;302;Final;20/6/2021;2;16198
764;243;Final;20/12/2023;7;31078
765;402;Final;20/12/2020;3;10341
766;562;Final;20/6/2022;6;10341
767;740;Final;20/6/2020;8;15951
768;305;Final;20/6/2020;5;47923
769;402;Final;20/12/2021;6;24895
770;285;Final;20/12/2020;5;32175
771;285;Final;20/12/2021;5;34648
772;557;Final;20/12/2023;6;83113
773;305;Final;20/12/2021;8;94792
774;261;Final;20/12/2020;6;51148
775;289;Final;20/6/2021;3;74451
776;1653;Final;20/6/2022;7;43979
777;285;Final;20/6/2020;7;74508
778;250;Final;20/12/2023;6;43360
779;283;Final;20/6/2020;3;2777
780;740;Final;20/12/2022;7;74833
781;1604;Final;20/6/2022;3;94792
782;283;Final;20/6/2024;3;31078
783;275;Final;20/12/2021;5;61345
784;1603;Final;20/12/2024;7;23793
785;261;Final;20/12/2020;7;15951
786;279;Final;20/6/2020;5;23793
787;308;Final;20/12/2021;6;61345
788;242;Final;20/12/2023;5;64663
789;1374;Final;20/6/2020;7;24895
790;362;Final;20/6/2024;7;23212
791;262;Final;20/6/2022;8;94792
792;250;Final;20/6/2022;6;17914
793;277;Final;20/6/2020;5;82405
794;309;Final;20/12/2023;2;15951
795;243;Final;20/6/2022;2;2777
796;301;Final;20/6/2022;6;6061
797;252;Final;20/6/2024;5;43360
798;285;Final;20/12/2020;5;10341
799;308;Final;20/12/2023;3;9109
800;403;Final;20/12/2023;7;19823
801;658;Final;20/6/2021;4;15951
802;309;Final;20/6/2021;8;94792
803;552;Final;20/6/2022;6;19823
804;557;Final;20/12/2024;4;39244
805;1359;Final;20/6/2021;4;43979
806;402;Final;20/6/2022;6;92733
807;1275;Final;20/6/2023;5;16198
808;1604;Final;20/12/2022;6;10341
809;362;Final;20/12/2022;4;21876
810;290;Final;20/12/2023;7;61345
811;353;Final;20/12/2024;8;74833
812;401;Final;20/6/2024;8;24895
813;283;Final;20/12/2020;7;49210
814;657;Final;20/6/2021;7;43132
815;551;Final;20/6/2023;5;65213
816;1604;Final;20/6/2022;2;27128
817;276;Final;20/12/2024;6;32400
818;279;Final;20/12/2023;8;75154
819;246;Final;20/6/2021;7;24506
820;247;Final;20/12/2024;6;94792
821;309;Final;20/6/2021;8;43979
822;274;Final;20/12/2020;7;46254
823;286;Final;20/12/2020;8;31078
824;290;Final;20/6/2024;5;47923
825;247;Final;20/12/2022;2;48044
826;289;Final;20/12/2021;2;32437
827;252;Final;20/12/2021;7;16198
828;1275;Final;20/6/2021;8;61345
829;357;Final;20/6/2024;5;61345
830;658;Final;20/12/2021;3;31078
831;354;Final;20/12/2023;6;75154
832;247;Final;20/12/2021;6;19823
833;1659;Final;20/6/2020;4;43548
834;273;Final;20/6/2022;5;92733
835;500;Final;20/6/2024;8;84323
836;351;Final;20/12/2023;4;6061
837;248;Final;20/12/2024;7;49210
838;1721;Final;20/12/2023;8;92733
839;724;Final;20/12/2022;4;86294
840;1601;Final;20/12/2024;2;46254
841;1374;Final;20/6/2023;6;49210
842;551;Final;20/6/2022;8;51148
843;244;Final;20/6/2022;4;94792
844;559;Final;20/6/2022;2;43360
845;403;Final;20/6/2022;5;16198
846;403;Final;20/6/2021;4;24597
847;402;Final;20/6/2022;7;6061
848;354;Final;20/6/2022;7;44451
849;356;Final;20/6/2022;7;15951
850;1721;Final;20/6/2024;8;17914
851;740;Final;20/6/2021;6;48044
852;244;Final;20/12/2020;4;27128
853;249;Final;20/12/2023;5;2777
854;245;Final;20/12/2023;4;53270
855;288;Final;20/12/2024;6;82405
856;1359;Final;20/6/2024;2;21876
857;1654;Final;20/6/2020;6;92733
858;351;Final;20/12/2023;7;9109
859;284;Final;20/12/2021;8;43548
860;500;Final;20/6/2020;2;88020
861;402;Final;20/6/2022;8;43360
862;306;Final;20/6/2022;7;84323
863;301;Final;20/6/2021;3;74833
864;551;Final;20/6/2020;6;16198
865;721;Final;20/12/2021;6;43132
866;289;Final;20/6/2021;5;49210
867;310;Final;20/12/2024;4;43979
868;309;Final;20/6/2020;2;64663
869;250;Final;20/6/2024;8;16198
870;1601;Final;20/6/2022;2;16198
871;1352;Final;20/6/2022;5;47923
872;251;Final;20/12/2022;5;43132
873;354;Final;20/6/2021;8;74508
874;283;Final;20/12/2020;4;88020
875;724;Final;20/12/2020;8;39244
876;560;Final;20/6/2021;8;65213
877;402;Final;20/6/2024;7;74508
878;351;Final;20/6/2023;4;83113
879;557;Final;20/6/2021;6;16198
880;1653;Final;20/6/2024;7;74451
881;1604;Final;20/12/2024;3;24759
882;1660;Final;20/6/2022;4;24895
883;701;Final;20/12/2021;5;17914
884;285;Final;20/6/2023;7;2777
885;552;Final;20/6/2020;4;19823
886;289;Final;20/6/2023;2;88020
887;1604;Final;20/12/2021;8;19823
888;405;Final;20/12/2022;3;88020
889;1603;Final;20/6/2022;6;82405
890;310;Final;20/12/2020;8;43360
891;245;Final;20/6/2024;2;21876
892;1359;Final;20/6/2021;2;33339
893;1660;Final;20/6/2021;3;10341
894;351;Final;20/12/2020;6;27128
895;285;Final;20/6/2023;5;27128
896;274;Final;20/6/2022;7;74508
897;1654;Final;20/12/2023;6;19823
898;452;Final;20/6/2024;4;32175
899;401;Final;20/12/2024;2;43548
900;284;Final;20/12/2021;4;6063
901;553;Final;20/6/2023;5;24759
902;305;Final;20/6/2020;4;74833
903;1603;Final;20/12/2022;6;17914
904;561;Final;20/6/2021;4;64663
905;246;Final;20/6/2023;5;24506
906;452;Final;20/12/2022;5;43979
907;554;Final;20/12/2021;5;92733
908;1374;Final;20/6/2021;6;32175
909;554;Final;20/6/2021;5;51148
910;1330;Final;20/12/2023;2;46254
911;355;Final;20/6/2023;8;16198
912;275;Final;20/6/2022;5;75154
913;1603;Final;20/12/2020;4;43979
914;261;Final;20/12/2020;7;43548
915;243;Final;20/12/2024;4;15951
916;246;Final;20/6/2020;7;43979
917;248;Final;20/12/2022;4;33339
918;740;Final;20/6/2023;6;34648
919;274;Final;20/6/2024;4;2777
920;362;Final;20/6/2020;6;2777
921;351;Final;20/12/2023;6;65213
922;354;Final;20/6/2021;5;23793
923;1654;Final;20/6/2022;2;19823
924;251;Final;20/6/2023;7;82405
925;402;Final;20/6/2020;5;88020
926;562;Final;20/6/2020;5;47923
927;655;Final;20/6/2022;8;65213
928;1275;Final;20/12/2024;6;34648
929;560;Final;20/12/2022;6;82405
930;1652;Final;20/12/2022;7;74451
931;288;Final;20/6/2020;4;33339
932;556;Final;20/12/2021;4;47923
933;551;Final;20/6/2020;5;28444
934;554;Final;20/6/2020;3;6063
935;353;Final;20/6/2022;3;34648
936;251;Final;20/6/2021;4;74508
937;302;Final;20/6/2022;3;2777
938;303;Final;20/6/2023;8;48044
939;1721;Final;20/6/2020;4;74508
940;286;Final;20/12/2022;6;27128
941;1330;Final;20/6/2024;5;49210
942;310;Final;20/12/2022;2;65213
943;246;Final;20/12/2020;5;84323
944;244;Final;20/12/2024;4;82405
945;403;Final;20/12/2023;8;9109
946;551;Final;20/6/2023;4;2777
947;301;Final;20/6/2023;5;49210
948;658;Final;20/12/2024;8;43360
949;357;Final;20/6/2024;8;34648
950;558;Final;20/12/2023;8;51148
951;276;Final;20/6/2021;7;51148
952;248;Final;20/6/2020;4;2777
953;261;Final;20/12/2023;3;19823
954;248;Final;20/6/2024;3;9109
955;557;Final;20/12/2021;4;32175
956;658;Final;20/12/2020;4;24597
957;457;Final;20/12/2023;7;15951
958;362;Final;20/12/2023;3;24895
959;551;Final;20/12/2020;4;19823
960;1359;Final;20/6/2020;4;51148
961;701;Final;20/12/2023;7;16198
962;1374;Final;20/12/2020;7;27128
963;1374;Final;20/12/2020;5;32175
964;740;Final;20/12/2020;7;43979
965;249;Final;20/6/2022;2;23212
966;279;Final;20/6/2024;3;24759
967;275;Final;20/6/2022;5;19823
968;278;Final;20/12/2021;2;65213
969;402;Final;20/6/2021;4;43360
970;657;Final;20/6/2022;4;6061
971;658;Final;20/6/2022;5;74451
972;1360;Final;20/6/2024;7;43132
973;701;Final;20/6/2021;8;17914
974;657;Final;20/12/2024;8;34648
975;558;Final;20/12/2020;4;24759
976;286;Final;20/6/2023;8;75154
977;724;Final;20/6/2021;6;94792
978;1652;Final;20/12/2021;5;24506
979;306;Final;20/6/2020;2;74508
980;401;Final;20/12/2021;5;51148
981;559;Final;20/12/2020;3;32175
982;261;Final;20/6/2021;7;82405
983;1601;Final;20/12/2021;7;47923
984;250;Final;20/12/2021;5;83113
985;249;Final;20/12/2024;4;17914
986;285;Final;20/12/2024;4;21876
987;401;Final;20/6/2021;6;74833
988;276;Final;20/12/2020;6;6063
989;241;Final;20/6/2022;7;74451
990;500;Final;20/12/2022;6;74833
991;721;Final;20/12/2023;2;19823
992;559;Final;20/6/2023;6;23793
993;1359;Final;20/12/2023;2;82405
994;304;Final;20/6/2024;6;53270
995;277;Final;20/12/2024;7;2777
996;355;Final;20/6/2021;7;92733
997;301;Final;20/12/2023;2;65213
998;302;Final;20/12/2020;5;34648
999;1601;Final;20/6/2023;7;86294
1000;1359;Final;20/12/2023;5;24759
